{"Average score": 1.0, "Percentage of perfect games": 1.0, "_timestamp": 1702666310.42282, "_runtime": 23.452044010162354, "_step": 3, "Loss_pi": 1.0, "Loss_v": 0.16123038530349731}