{"Average score": 1.0000099999999998, "Percentage of perfect games": 1.0, "_timestamp": 1702420688.6683474, "_runtime": 26.305588245391846, "_step": 0, "_wandb": {"runtime": 25}}