{"Loss": -643.1417236328125, "_timestamp": 1702507933.509119, "_runtime": 41.029902935028076, "_step": 98, "Val Loss": 5503.44482421875, "_wandb": {"runtime": 41}}