{"Average score": 1.0000099999999998, "Percentage of perfect games": 1.0, "_timestamp": 1702421677.6306136, "_runtime": 26.137895584106445, "_step": 0, "_wandb": {"runtime": 25}}