{"Average score": 1.0000099999999998, "Percentage of perfect games": 1.0, "_timestamp": 1702362487.1049113, "_runtime": 28.230024337768555, "_step": 150, "Loss_pi": 4.150167719523112, "Loss_v": 1.0000200271606445, "_wandb": {"runtime": 27}}