{"Average score": 0.9785256249999998, "Percentage of perfect games": 0.95703125, "_timestamp": 1702515021.3432798, "_runtime": 13.482266902923584, "_step": 0, "_wandb": {"runtime": 12}}