{"Average score": 1.0, "Percentage of perfect games": 1.0, "_timestamp": 1702262696.7370136, "_runtime": 6.780376672744751, "_step": 0, "_wandb": {"runtime": 8}}