{"Average score": 0.9900099999999997, "Percentage of perfect games": 0.98, "_timestamp": 1702448971.007213, "_runtime": 275.577730178833, "_step": 1110, "Loss_pi": 4.056689739227295, "Loss_v": 0.9868947863578796}