{"Average score": -0.17237122594078652, "Percentage of perfect games": 0.325, "_timestamp": 1702355219.9813597, "_runtime": 231.2578616142273, "_step": 5301, "Loss_pi": 4.066469713426986, "Loss_v": 0.012860971330752912}