{"Average completion": 0.8367346938775511, "Number of blanks": 13, "_timestamp": 1702167713.6133106, "_runtime": 559.8262856006622, "_step": 34482, "Loss_pi": 6.500055519707149, "Loss_v": 0.2996401368837337}