{"Average score": 0.8935, "Percentage of perfect games": 0.598, "_timestamp": 1702712085.52263, "_runtime": 507.48157787323, "_step": 2001, "Loss_pi": 0.6474021673202515, "Loss_v": 0.0011921157129108906}