{"Average score": 0.84, "Percentage of perfect games": 0.36, "_timestamp": 1702671894.9677238, "_runtime": 117.55016994476318, "_step": 459, "Loss_pi": 0.08189991116523743, "Loss_v": 0.01509014330804348}