{"Average score": 0.6125925925925925, "Number of blanks": 3, "_timestamp": 1702196940.323561, "_runtime": 120.08180594444275, "_step": 4779, "Loss_pi": 4.476683873780735, "Loss_v": 0.004572146735519795}