{"Average completion": 0.9424743892829001, "_timestamp": 1702163755.8731093, "_runtime": 103.57838225364685, "_step": 8041, "Loss_pi": 6.393379195732407, "Loss_v": 0.0019902941823901634}