{"Loss_pi": 17.59880256652832, "Loss_v": 3.981710516853809e-10, "_timestamp": 1702663761.5850139, "_runtime": 17.71413278579712, "_step": 2}