{"Loss_pi": NaN, "Loss_v": NaN, "_timestamp": 1702602898.234459, "_runtime": 150.74256801605225, "_step": 92}