{"Average score": 0.9944444444444446, "Percentage of perfect games": 0.95, "_timestamp": 1702267526.2215433, "_runtime": 111.27549242973328, "_step": 249, "Loss_pi": 6.521743297576904, "Loss_v": 18.76702308654785}