{"Loss": 1.437266230583191, "_timestamp": 1702589461.3966413, "_runtime": 10.81634521484375, "_step": 21, "Val Loss": 17.00173568725586, "_wandb": {"runtime": 11}}