{"Loss_pi": NaN, "Loss_v": NaN, "_timestamp": 1702603074.7275622, "_runtime": 151.9250922203064, "_step": 92}