{"Average score": 1.0000099999999998, "Percentage of perfect games": 1.0, "_timestamp": 1702424031.923738, "_runtime": 114.17846989631653, "_step": 1802, "Loss_pi": 4.134177645047505, "Loss_v": 1.000019907951355}