{"Average score": 0.9300099999999997, "Percentage of perfect games": 0.86, "_timestamp": 1702361083.3448696, "_runtime": 261.78407859802246, "_step": 12743, "Loss_pi": 4.157184043020572, "Loss_v": 0.027985474569195846, "_wandb": {"runtime": 264}}