{"Loss": 0.4425032436847687, "_timestamp": 1702508202.5635672, "_runtime": 23.62713122367859, "_step": 54, "Val Loss": 6.073603630065918, "_wandb": {"runtime": 24}}