{"Loss_pi": 2.2111458778381348, "Loss_v": 0.00038857082836329937, "_timestamp": 1702604812.7327557, "_runtime": 655.7570106983185, "_step": 650}