{"Average score": 1.0000099999999998, "Percentage of perfect games": 1.0, "_timestamp": 1702422118.240417, "_runtime": 27.251940965652466, "_step": 0, "_wandb": {"runtime": 26}}