{"Average score": 0.7348148148148149, "Number of blanks": 3, "_timestamp": 1702193636.0479002, "_runtime": 61.898906230926514, "_step": 1142, "Loss_pi": 5.51179155550505, "Loss_v": 0.006603384051439271, "_wandb": {"runtime": 66}}