{"Average score": 1.0000099999999998, "Percentage of perfect games": 1.0, "_timestamp": 1702423789.4296217, "_runtime": 108.97505378723145, "_step": 669, "Loss_pi": 4.1566455147483135, "Loss_v": 1.0000200271606445}