{"Average score": 0.8433333333333333, "Percentage of perfect games": 0.452, "_timestamp": 1702708000.6835907, "_runtime": 81.39521074295044, "_step": 454, "Loss_pi": 0.8848902583122253, "Loss_v": 0.004423464648425579}