{"Average score": 1.0000099999999998, "Percentage of perfect games": 1.0, "_timestamp": 1702421528.6786623, "_runtime": 27.69991636276245, "_step": 0, "_wandb": {"runtime": 26}}