{"Average score": 1.0000099999999998, "Percentage of perfect games": 1.0, "_timestamp": 1702419133.301329, "_runtime": 26.044116973876953, "_step": 0, "_wandb": {"runtime": 25}}