{"Average score": 1.0000099999999998, "Percentage of perfect games": 1.0, "_timestamp": 1702422874.036851, "_runtime": 26.318495988845825, "_step": 0, "_wandb": {"runtime": 26}}