{"Average score": 0.9799999999999999, "Percentage of perfect games": 0.932, "_timestamp": 1702759927.734493, "_runtime": 9066.902245998383, "_step": 336879, "num_blanks": 11, "Loss_pi": 0.2375921905040741, "Loss_v": 0.00031140155624598265, "_wandb": {"runtime": 9066}}