{"Average score": 0.9653333333333334, "Percentage of perfect games": 0.856, "_timestamp": 1702677810.531677, "_runtime": 675.4871160984039, "_step": 4549, "Loss_pi": 0.15846814215183258, "Loss_v": 0.0007757883286103606, "_wandb": {"runtime": 674}}