{"Average score": 0.8476666666666667, "Percentage of perfect games": 0.464, "_timestamp": 1702711203.341895, "_runtime": 72.18937516212463, "_step": 181, "Loss_pi": 4.164342880249023, "Loss_v": 0.023660724982619286}