{"Average score": 0.9832592592592594, "Percentage of perfect games": 0.854, "_timestamp": 1702249894.202703, "_runtime": 1947.942223072052, "_step": 57389, "Loss_pi": 6.490148287505106, "Loss_v": 0.16538624542406183, "_wandb": {"runtime": 1970}}