{"Average score": 1.0, "Percentage of perfect games": 1.0, "_timestamp": 1702268539.2724283, "_runtime": 124.39898324012756, "_step": 20248, "Loss_pi": 5.639685556292534, "Loss_v": 25.0, "_wandb": {"runtime": 123}}