{"Loss": 4.204573631286621, "_timestamp": 1702434440.18059, "_runtime": 1091.8279149532318, "_step": 1999, "Val Loss": 4.213947772979736, "_wandb": {"runtime": 1091}}