{"Average score": 0.9863381249999998, "Percentage of perfect games": 0.97265625, "_timestamp": 1702514772.4766703, "_runtime": 13.487618207931519, "_step": 0, "_wandb": {"runtime": 12}}