{"Average score": 1.0, "Percentage of perfect games": 1.0, "_timestamp": 1702262979.2021258, "_runtime": 85.30637168884277, "_step": 1211, "Loss_pi": 6.457513809204102, "Loss_v": 5.524016380310059}