{"Average score": 0.02538783259158683, "Number of blanks": 29.46, "_timestamp": 1702193480.136882, "_runtime": 594.5593039989471, "_step": 31244, "Loss_pi": 4.398199017253923, "Loss_v": 0.00769967511554973, "_wandb": {"runtime": 593}}