{"Average score": 0.8543333333333333, "Percentage of perfect games": 0.484, "_timestamp": 1702712573.026557, "_runtime": 48.970027923583984, "_step": 181, "Loss_pi": 4.11638879776001, "Loss_v": 0.020987441763281822}