{"Average score": 1.0000099999999998, "Percentage of perfect games": 1.0, "_timestamp": 1702361880.1041863, "_runtime": 26.256218194961548, "_step": 15620, "Loss_pi": 0.0005982933434168539, "Loss_v": 1.0000200271606445, "_wandb": {"runtime": 25}}