{"Average score": 0.9961037499999998, "Percentage of perfect games": 0.9921875, "_timestamp": 1702514911.1508417, "_runtime": 17.916106700897217, "_step": 1104, "Loss": 4.267280578613281, "Val Loss": 4.338897705078125}