{"Average score": 0.9888433333333333, "Percentage of perfect games": 0.967, "_timestamp": 1702426334.7548018, "_runtime": 1706.5137996673584, "_step": 40015, "Loss_pi": 4.082427988052368, "Loss_v": 0.0038246428593993187}