{"Average score": 1.0, "Percentage of perfect games": 1.0, "_timestamp": 1702262665.080059, "_runtime": 109.82208895683289, "_step": 16}