{"Average completion": 0.9420188029040786, "Number of blanks": 28, "_timestamp": 1702166490.5523462, "_runtime": 1126.4088642597198, "_step": 88075, "Loss_pi": 6.466789776062869, "Loss_v": 0.000837511883138765, "_wandb": {"runtime": 1125}}