{"Average score": 0.9396766066666665, "Percentage of perfect games": 0.853, "_timestamp": 1702424505.7438784, "_runtime": 107.46309733390808, "_step": 1100, "Loss_pi": NaN, "Loss_v": 0.12345007807016373}