{"Average score": 1.0, "Percentage of perfect games": 1.0, "_timestamp": 1702343283.147885, "_runtime": 112.8601930141449, "_step": 6191, "Loss_pi": 4.105123360951741, "Loss_v": 0.00013390214977941164, "_wandb": {"runtime": 112}}