{"Average score": 1.0000099999999998, "Percentage of perfect games": 1.0, "_timestamp": 1702423603.3550873, "_runtime": 36.98753833770752, "_step": 79, "Loss_pi": 4.156716944296149, "Loss_v": 1.0000200271606445}