{"Loss": 1.5212769508361816, "_timestamp": 1702509832.187744, "_runtime": 10.669840812683105, "_step": 21, "Val Loss": 16.937891006469727, "_wandb": {"runtime": 12}}