{"Average score": 0.8740740740740742, "Number of blanks": 6, "_timestamp": 1702199372.4206314, "_runtime": 182.13859128952026, "_step": 2100, "Loss_pi": 6.42188475006505, "Loss_v": 0.01078754420833368, "_wandb": {"runtime": 182}}