{"Average score": 0.9750099999999997, "Percentage of perfect games": 0.95, "_timestamp": 1702444736.6528404, "_runtime": 239.7027463912964, "_step": 1009, "Loss_pi": 3.7653887271881104, "Loss_v": 0.9568945169448853}