{"Average score": 0.985, "Percentage of perfect games": 0.94, "_timestamp": 1702344058.452896, "_runtime": 216.48975706100464, "_step": 13636, "Loss_pi": 4.162203311920166, "Loss_v": 0.0039206384348550016, "_wandb": {"runtime": 215}}