{"Average score": 0.9921974999999998, "Percentage of perfect games": 0.984375, "_timestamp": 1702514987.4451206, "_runtime": 13.885457515716553, "_step": 0, "_wandb": {"runtime": 13}}