{"Average score": 0.9890099999999997, "Percentage of perfect games": 0.978, "_timestamp": 1702521611.5707984, "_runtime": 181.40928435325623, "_step": 49847, "Loss": 0.18615567684173584, "Val Loss": 55.05030059814453}