{"Average score": 0.9533333333333333, "Percentage of perfect games": 0.58, "_timestamp": 1702269915.351189, "_runtime": 83.51927185058594, "_step": 7019, "Loss_pi": 5.688481899408194, "Loss_v": 0.003037542964403446}