{"Average score": -0.25166198666666667, "Percentage of perfect games": 0.0, "_timestamp": 1702451318.3740687, "_runtime": 1757.984180688858, "_step": 15005, "Loss_pi": 3.9051438999176025, "Loss_v": 0.09143828094005585}