{"Average score": 0.9148333333333333, "Percentage of perfect games": 0.684, "_timestamp": 1702710114.9044857, "_runtime": 24.385656595230103, "_step": 90, "Loss_pi": 4.147247314453125, "Loss_v": 0.0174231119453907, "_wandb": {"runtime": 45}}