{"Average score": 0.9882912499999998, "Percentage of perfect games": 0.9765625, "_timestamp": 1702514841.3111184, "_runtime": 13.121728420257568, "_step": 0, "_wandb": {"runtime": 12}}