{"Average score": 1.0000099999999998, "Percentage of perfect games": 1.0, "_timestamp": 1702423878.5774367, "_runtime": 75.36039876937866, "_step": 1201, "Loss_pi": 4.119741002718608, "Loss_v": 1.000019907951355}