{"Loss_pi": 6.521908591263486, "Loss_v": 0.0029256512444078868, "_timestamp": 1702158964.4266214, "_runtime": 33.19102454185486, "_step": 3389, "_wandb": {"runtime": 32}}