{"Average score": 0.7236666666666668, "Percentage of perfect games": 0.158, "_timestamp": 1702673033.2768826, "_runtime": 224.45128965377808, "_step": 1364, "Loss_pi": 0.35359930992126465, "Loss_v": 0.027208274230360985, "_wandb": {"runtime": 223}}