{"Average score": 0.8151666666666667, "Percentage of perfect games": 0.36, "_timestamp": 1702716189.7921526, "_runtime": 241.2595386505127, "_step": 1232, "num_blanks": 2.0, "Loss_pi": 0.6403270959854126, "Loss_v": 0.004661014769226313}