{"Average score": 0.9311111111111112, "Percentage of perfect games": 0.38, "_timestamp": 1702270210.2820125, "_runtime": 111.65364742279053, "_step": 8854, "Loss_pi": 5.112699654367235, "Loss_v": 0.0029373298425020445, "_wandb": {"runtime": 110}}