{"Average score": 0.9804787499999998, "Percentage of perfect games": 0.9609375, "_timestamp": 1702513163.2637696, "_runtime": 12.632170677185059, "_step": 0, "_wandb": {"runtime": 11}}