{"Average score": -0.7309644670050761, "Number of blanks": 30.4, "_timestamp": 1702175365.8277512, "_runtime": 6066.650390148163, "_step": 451199, "Loss_pi": 6.483946570780425, "Loss_v": 0.4607206751485314, "_wandb": {"runtime": 6068}}