{"Average score": 0.020103351955307255, "Number of blanks": 35.8, "_timestamp": 1702192404.0583599, "_runtime": 333.8277518749237, "_step": 24277, "Loss_pi": 5.094252678378777, "Loss_v": 0.0056891555333886245, "_wandb": {"runtime": 333}}