{"Average score": 1.0, "Percentage of perfect games": 1.0, "_timestamp": 1702263968.008127, "_runtime": 27.547005891799927, "_step": 3}