{"Average score": 0.3096296296296296, "Number of blanks": 4, "_timestamp": 1702195499.8244522, "_runtime": 322.8305170536041, "_step": 15287, "Loss_pi": 4.363825334928423, "Loss_v": 0.005585009513754417}