{"Average score": 0.9531349999999998, "Percentage of perfect games": 0.90625, "_timestamp": 1702515368.968517, "_runtime": 77.35569095611572, "_step": 19878, "Loss": 4.066288948059082, "Val Loss": 4.231305122375488}