{"Average score": 0.9846666666666666, "Percentage of perfect games": 0.952, "_timestamp": 1702765420.3532603, "_runtime": 4750.416021347046, "_step": 197686, "num_blanks": 8, "Loss_pi": 0.23445752263069153, "Loss_v": 0.001386724878102541}