{"Average score": 0.9678333333333333, "Percentage of perfect games": 0.884, "_timestamp": 1702719115.9398837, "_runtime": 2223.7839097976685, "_step": 13699, "num_blanks": 4.0, "Loss_pi": 0.5948127508163452, "Loss_v": 0.0008167781634256244, "_wandb": {"runtime": 2223}}