{"Average score": 0.9175099999999997, "Percentage of perfect games": 0.835, "_timestamp": 1702361670.3134062, "_runtime": 552.80335521698, "_step": 26549, "Loss_pi": 4.128405220103714, "Loss_v": 0.8775242881954841}