{"Average score": 1.0000099999999998, "Percentage of perfect games": 1.0, "_timestamp": 1702361821.055824, "_runtime": 9.03348994255066, "_step": 1560, "Loss_pi": 1.5363151820806356, "Loss_v": 1.0000200271606445, "_wandb": {"runtime": 8}}