{"Average score": 0.9826666666666666, "Percentage of perfect games": 0.854, "_timestamp": 1702253864.0971513, "_runtime": 3188.714311361313, "_step": 95649, "Loss_pi": 6.483952285417544, "Loss_v": 0.186106900627317, "_wandb": {"runtime": 3254}}