{"Average score": 0.92, "Percentage of perfect games": 0.28, "_timestamp": 1702269671.2962916, "_runtime": 512.3660526275635, "_step": 45611, "Loss_pi": 4.543971325221815, "Loss_v": 0.0025114164699947365, "_wandb": {"runtime": 514}}