{"Loss": 31.576831817626953, "_timestamp": 1702448110.825393, "_runtime": 26.76694393157959, "_step": 11, "Val Loss": 34.056312561035156, "_wandb": {"runtime": 29}}