{"Average score": 0.90001, "Percentage of perfect games": 0.8, "_timestamp": 1702516160.6264348, "_runtime": 9.090718746185303, "_step": 0, "_wandb": {"runtime": 13}}