{"Loss_pi": 4.171647071838379, "Loss_v": 7.490200459869811e-09, "_timestamp": 1702601106.370416, "_runtime": 252.06197690963745, "_step": 216}