{"Average score": 0.859, "Percentage of perfect games": 0.51, "_timestamp": 1702707051.3950582, "_runtime": 102.06726908683777, "_step": 454, "Loss_pi": 4.1529765129089355, "Loss_v": 0.021795332431793213}