{"Loss": 0.24645648896694183, "_timestamp": 1702508159.9945195, "_runtime": 28.133330583572388, "_step": 65, "Val Loss": 4.2337446212768555, "_wandb": {"runtime": 30}}