{"Average score": 0.9863381249999998, "Percentage of perfect games": 0.97265625, "_timestamp": 1702510850.828342, "_runtime": 46.72237586975098, "_step": 2}