{"Loss": 0.3708319664001465, "_timestamp": 1702520695.0592785, "_runtime": 19.314996480941772, "_step": 43, "Val Loss": 5.061348915100098, "_wandb": {"runtime": 19}}