{"Average score": 0.9944444444444444, "Percentage of perfect games": 0.95, "_timestamp": 1702257542.7729304, "_runtime": 618.1429104804993, "_step": 11465, "Loss_pi": 6.468358806290552, "Loss_v": 0.06016892247530997}