{"Loss_pi": NaN, "Loss_v": NaN, "_timestamp": 1702603610.4123335, "_runtime": 149.40524554252625, "_step": 85}