{"Average score": 0.8178333333333333, "Percentage of perfect games": 0.424, "_timestamp": 1702715747.9539483, "_runtime": 172.40624928474426, "_step": 679, "Loss_pi": 5.160402297973633, "Loss_v": 0.033600084483623505}