{"Average completion": 1.0, "_timestamp": 1702164055.1596012, "_runtime": 83.86232829093933, "_step": 3436, "Loss_pi": 6.433252753043662, "Loss_v": 0.00014239198074448016, "_wandb": {"runtime": 95}}