{"Loss_pi": NaN, "Loss_v": NaN, "_timestamp": 1702602295.6179397, "_runtime": 122.69445371627808, "_step": 61}