{"Average score": 0.822, "Percentage of perfect games": 0.288, "_timestamp": 1702666598.8342745, "_runtime": 68.27110552787781, "_step": 275, "Loss_pi": 0.06642785668373108, "Loss_v": 0.014218061231076717}