{"Average completion": 351.07362727807174, "_timestamp": 1702163535.8412535, "_runtime": 54.73780345916748, "_step": 4010, "Loss_pi": 6.413763846542473, "Loss_v": 351602.42962905235}