{"Average score": 0.911, "Percentage of perfect games": 0.664, "_timestamp": 1702707455.2614112, "_runtime": 236.93823528289795, "_step": 1455, "Loss_pi": 0.49490270018577576, "Loss_v": 0.0023714678827673197}