{"Average score": 1.0000099999999996, "Percentage of perfect games": 1.0, "_timestamp": 1702443639.1586921, "_runtime": 807.5011520385742, "_step": 9789, "Loss_pi": 4.154820442199707, "Loss_v": 3.219838617951609e-09}