{"Average score": 0.9988888888888888, "Percentage of perfect games": 0.99, "_timestamp": 1702265437.685726, "_runtime": 38.61587595939636, "_step": 100, "Loss_pi": 6.462043762207031, "Loss_v": 22.609315872192383, "_wandb": {"runtime": 42}}