{"Average score": 0.9765724999999998, "Percentage of perfect games": 0.953125, "_timestamp": 1702512914.333233, "_runtime": 882.3557081222534, "_step": 12195, "Loss_pi": 4.153253269195557, "Loss_v": 0.9648633241653443}