{"Average score": 0.1985185185185185, "Number of blanks": 14, "_timestamp": 1702194993.470956, "_runtime": 902.1097869873047, "_step": 35377, "Loss_pi": 4.390807753023894, "Loss_v": 0.005855026082945583, "_wandb": {"runtime": 901}}