{"Average score": 0.8483333333333333, "Percentage of perfect games": 0.34, "_timestamp": 1702345439.6341312, "_runtime": 949.103687286377, "_step": 60047, "Loss_pi": 4.089821631258184, "Loss_v": 0.013006402539427985, "_wandb": {"runtime": 948}}