{"Average score": 1.0, "Percentage of perfect games": 1.0, "_timestamp": 1702344472.1449313, "_runtime": 228.76951026916504, "_step": 15262, "Loss_pi": 4.121729578290667, "Loss_v": 4.764668236676005e-08, "_wandb": {"runtime": 228}}