{"Average score": 0.40751122280058, "Percentage of perfect games": 0.0, "_timestamp": 1702349270.5032218, "_runtime": 1149.4615638256073, "_step": 77025, "Loss_pi": 3.0407710622338686, "Loss_v": 2.6320557573262384, "_wandb": {"runtime": 1148}}