{"Average score": 1.0000099999999998, "Percentage of perfect games": 1.0, "_timestamp": 1702422061.3354294, "_runtime": 27.23224449157715, "_step": 0, "_wandb": {"runtime": 26}}