{"Average score": 0.9804787499999998, "Percentage of perfect games": 0.9609375, "_timestamp": 1702512999.4328623, "_runtime": 12.853350400924683, "_step": 0, "_wandb": {"runtime": 12}}