{"Average score": 1.00001, "Percentage of perfect games": 1.0, "_timestamp": 1702520469.7958713, "_runtime": 18.525853157043457, "_step": 22, "Loss": 4.0957255363464355, "Val Loss": 4.230330467224121}