{"Average score": 0.8614814814814814, "Number of blanks": 9, "_timestamp": 1702198363.4045377, "_runtime": 276.56113958358765, "_step": 3246, "Loss_pi": 5.634468731127288, "Loss_v": 0.00998119955980464}