{"Average score": 1.0000099999999998, "Percentage of perfect games": 1.0, "_timestamp": 1702442807.4416635, "_runtime": 11.207875490188599, "_step": 0}