{"Average score": 0.2801663066666667, "Percentage of perfect games": 0.0, "_timestamp": 1702714822.9137104, "_runtime": 899.9459674358368, "_step": 1503, "Loss_pi": 4.153833866119385, "Loss_v": 0.021118149161338806}