{"Average score": 0.9863381249999998, "Percentage of perfect games": 0.97265625, "_timestamp": 1702513378.293253, "_runtime": 14.679373025894165, "_step": 0, "_wandb": {"runtime": 13}}