{"Average score": 1.0000099999999998, "Percentage of perfect games": 1.0, "_timestamp": 1702422326.1352873, "_runtime": 27.67239236831665, "_step": 0, "_wandb": {"runtime": 27}}