{"Loss_pi": 2.816743850708008, "Loss_v": 2.153874811483547e-05, "_timestamp": 1702628066.9568367, "_runtime": 216.81276273727417, "_step": 157}