{"Average score": 1.0000099999999998, "Percentage of perfect games": 1.0, "_timestamp": 1702418984.8715942, "_runtime": 25.90228509902954, "_step": 0, "_wandb": {"runtime": 25}}