{"Average score": 0.98001, "Percentage of perfect games": 0.96, "_timestamp": 1702507298.769837, "_runtime": 185.47747993469238, "_step": 18}