{"Average score": 0.3598079561042525, "Number of blanks": 4, "_timestamp": 1702197316.753865, "_runtime": 200.51273798942566, "_step": 7647, "Loss_pi": 4.4166245859955, "Loss_v": 0.009255091474435404, "_wandb": {"runtime": 205}}