{"Average score": -0.06972633698794571, "Percentage of perfect games": 0.21, "_timestamp": 1702354866.3441396, "_runtime": 424.10169768333435, "_step": 21368, "Loss_pi": 4.015022294963905, "Loss_v": 0.010310427676105571, "_wandb": {"runtime": 423}}