{"Average score": 1.0, "Percentage of perfect games": 1.0, "_timestamp": 1702268040.1337917, "_runtime": 59.87413668632507, "_step": 1607, "Loss_pi": 5.772085016424006, "Loss_v": 5.051185737956654}