{"Average score": 0.98001, "Percentage of perfect games": 0.96, "_timestamp": 1702510535.290035, "_runtime": 71.56506490707397, "_step": 7}