{"Average score": 0.3266666666666666, "Number of blanks": 6, "_timestamp": 1702196087.4339437, "_runtime": 527.9193727970123, "_step": 22931, "Loss_pi": 4.378800756644204, "Loss_v": 0.006050933754627461}