{"Average score": 1.0000099999999998, "Percentage of perfect games": 1.0, "_timestamp": 1702423097.7852879, "_runtime": 28.66272282600403, "_step": 120, "Loss_pi": 4.138930122057597, "Loss_v": 1.000019907951355, "_wandb": {"runtime": 28}}