{"Loss": 4.252539157867432, "_timestamp": 1702445534.908717, "_runtime": 6.465794801712036, "_step": 1, "Val Loss": 1410.533203125, "_wandb": {"runtime": 6}}