{"Average score": 0.8170833333333334, "Percentage of perfect games": 0.22, "_timestamp": 1702345916.6842453, "_runtime": 318.6605463027954, "_step": 14722, "Loss_pi": 4.007830948045809, "Loss_v": 0.010476538637168195, "_wandb": {"runtime": 317}}