{"Average score": 0.837, "Percentage of perfect games": 0.414, "_timestamp": 1702708498.6473556, "_runtime": 110.04777455329895, "_step": 636, "Loss_pi": 0.6008371710777283, "Loss_v": 0.002450743457302451}