{"Average score": 0.874074074074074, "Number of blanks": 2, "_timestamp": 1702199171.5908248, "_runtime": 49.15133094787598, "_step": 522, "Loss_pi": -6.634945539327768, "Loss_v": -0.25753991821637523, "_wandb": {"runtime": 48}}