{"Average score": 0.9036666666666666, "Percentage of perfect games": 0.634, "_timestamp": 1702676452.409322, "_runtime": 657.4655630588531, "_step": 4549, "Loss_pi": 0.11513043940067291, "Loss_v": 0.01919623464345932, "_wandb": {"runtime": 656}}