{"Average score": 0.9955555555555555, "Percentage of perfect games": 0.96, "_timestamp": 1702264376.3633604, "_runtime": 37.15293645858765, "_step": 78, "Loss_pi": 6.488901138305664, "Loss_v": 22.386165618896484}