{"Loss": 0.002508866600692272, "_timestamp": 1702430564.8652942, "_runtime": 1996.4836211204529, "_step": 975, "_wandb": {"runtime": 1996}}