{"Average score": 0.9843849999999998, "Percentage of perfect games": 0.96875, "_timestamp": 1702514167.1376238, "_runtime": 12.50565481185913, "_step": 0, "_wandb": {"runtime": 11}}