{"Average completion": 0.8496159255652926, "_timestamp": 1702160267.081073, "_runtime": 1058.0518119335175, "_step": 88676, "Loss_pi": 6.404514067381331, "Loss_v": 0.0009844313246803811, "_wandb": {"runtime": 1057}}