{"Loss_pi": 2.889293670654297, "Loss_v": 7.55375949665904e-05, "_timestamp": 1702665344.014736, "_runtime": 296.53582286834717, "_step": 38}