{"Average score": 1.0000099999999998, "Percentage of perfect games": 1.0, "_timestamp": 1702423174.2833793, "_runtime": 28.12969136238098, "_step": 120, "Loss_pi": 4.137922763824463, "Loss_v": 1.000019907951355, "_wandb": {"runtime": 27}}