{"Average score": 0.7643333333333334, "Percentage of perfect games": 0.228, "_timestamp": 1702675751.5525076, "_runtime": 593.1130936145782, "_step": 4003, "Loss_pi": 0.028909379616379738, "Loss_v": 0.023667555302381516}