{"Average score": 0.8725, "Percentage of perfect games": 0.49, "_timestamp": 1702666035.6616359, "_runtime": 444.39496898651123, "_step": 55, "Loss_pi": 2.1795387268066406, "Loss_v": 0.020042914897203445}