{"Average score": 0.9785256249999998, "Percentage of perfect games": 0.95703125, "_timestamp": 1702514942.1990602, "_runtime": 16.32913613319397, "_step": 497, "Loss": 4.244707107543945, "Val Loss": 4.305702209472656}