{"Average score": 0.858, "Percentage of perfect games": 0.526, "_timestamp": 1702716860.525291, "_runtime": 640.5461828708649, "_step": 3013, "num_blanks": 2.0, "Loss_pi": 2.572922468185425, "Loss_v": 0.005993862636387348}