{"Average score": 0.9201666666666666, "Percentage of perfect games": 0.692, "_timestamp": 1702674809.260868, "_runtime": 749.4884910583496, "_step": 4549, "Loss_pi": 0.15966537594795227, "Loss_v": 0.015880338847637177, "_wandb": {"runtime": 748}}