{"Average score": 0.9910099999999997, "Percentage of perfect games": 0.982, "_timestamp": 1702444986.886249, "_runtime": 170.07728505134583, "_step": 706, "Loss_pi": 4.064133644104004, "Loss_v": 0.9850198030471802}