{"Average completion": -0.8149466192170819, "Number of blanks": 1, "_timestamp": 1702168841.7439675, "_runtime": 95.27670645713806, "_step": 5933, "Loss_pi": 6.530256052374994, "Loss_v": 0.3355065728808822, "_wandb": {"runtime": 94}}