{"Average score": 1.0000099999999998, "Percentage of perfect games": 1.0, "_timestamp": 1702419909.644454, "_runtime": 25.640459060668945, "_step": 0, "_wandb": {"runtime": 24}}