{"Average completion": 0.9677743410791233, "Number of blanks": 32, "_timestamp": 1702164471.1653438, "_runtime": 92.3051187992096, "_step": 7061, "Loss_pi": 6.407955698606346, "Loss_v": 0.0011084039888934283, "_wandb": {"runtime": 106}}