{"Average score": 0.9840099999999997, "Percentage of perfect games": 0.968, "_timestamp": 1702589823.1618404, "_runtime": 38.762744426727295, "_step": 35, "Loss": 4.384264945983887, "Val Loss": 4.401541709899902}