{"Average score": 0.9022222222222226, "Percentage of perfect games": 0.12, "_timestamp": 1702268966.3219564, "_runtime": 385.5388762950897, "_step": 34208, "Loss_pi": 4.745911008433292, "Loss_v": 16.30522986462242}