{"Average score": 0.8826666666666667, "Percentage of perfect games": 0.564, "_timestamp": 1702673989.1949432, "_runtime": 210.55462622642517, "_step": 1364, "Loss_pi": 0.34549760818481445, "Loss_v": 0.020347479730844498, "_wandb": {"runtime": 209}}