{"Average score": 0.8711037499999998, "Percentage of perfect games": 0.7421875, "_timestamp": 1702513730.802269, "_runtime": 143.0853090286255, "_step": 33768, "Loss": 3.9500861167907715, "Val Loss": 4.0176873207092285}