{"Average score": 0.4233429333333333, "Percentage of perfect games": 0.0, "_timestamp": 1702359013.078583, "_runtime": 1183.4258799552917, "_step": 18556, "Loss_pi": 4.158135226987443, "Loss_v": 0.190840881781758}