{"Average score": 0.798, "Percentage of perfect games": 0.322, "_timestamp": 1702673661.2501867, "_runtime": 91.47127962112427, "_step": 545, "Loss_pi": 0.6181977391242981, "Loss_v": 0.021283233538269997}