{"Loss_pi": 5.209061622619629, "Loss_v": 0.00036775757325813174, "_timestamp": 1702608439.9372196, "_runtime": 153.45232152938843, "_step": 92}