{"Average score": 0.9698333333333334, "Percentage of perfect games": 0.876, "_timestamp": 1702781214.5633628, "_runtime": 15340.091411828995, "_step": 1301099, "num_blanks": 11, "Loss_pi": 0.17653699219226837, "Loss_v": 0.0006101608742028475, "_wandb": {"runtime": 15339}}