{"Average score": 0.9890099999999997, "Percentage of perfect games": 0.968, "_timestamp": 1702426945.1999578, "_runtime": 238.67894792556763, "_step": 5001, "Loss_pi": 4.078902721405029, "Loss_v": 0.004314952380955219}