{"Average score": 0.8561666666666667, "Percentage of perfect games": 0.498, "_timestamp": 1702712872.3850195, "_runtime": 51.64683961868286, "_step": 181, "Loss_pi": 4.149211883544922, "Loss_v": 0.020373906940221786}