{"Average score": 1.0000099999999998, "Percentage of perfect games": 1.0, "_timestamp": 1702419238.7029734, "_runtime": 27.55636739730835, "_step": 0, "_wandb": {"runtime": 26}}