{"Average score": 0.9900100000000001, "Percentage of perfect games": 0.98, "_timestamp": 1702507472.9601765, "_runtime": 9.460491418838501, "_step": 0}