{"Average score": 1.0000099999999998, "Percentage of perfect games": 1.0, "_timestamp": 1702418887.4201577, "_runtime": 26.548266649246216, "_step": 0, "_wandb": {"runtime": 25}}