{"Loss": 0.04888766631484032, "_timestamp": 1702435365.2701166, "_runtime": 876.0863335132599, "_step": 371, "Val Loss": 0.042627424001693726, "_wandb": {"runtime": 877}}