{"Average score": 0.8113333333333332, "Percentage of perfect games": 0.35, "_timestamp": 1702708204.8601844, "_runtime": 139.99255442619324, "_step": 818, "Loss_pi": 0.7120132446289062, "Loss_v": 0.0016703828005120158}