{"Average score": 0.49807407407407406, "Percentage of perfect games": 0.0, "_timestamp": 1702259663.6180274, "_runtime": 2093.9386744499207, "_step": 57422, "Loss_pi": 5.773056075241623, "Loss_v": 1.154551639950512}