{"Average score": 0.9966666666666666, "Percentage of perfect games": 0.97, "_timestamp": 1702264081.7429595, "_runtime": 38.28857755661011, "_step": 100, "Loss_pi": 6.460993766784668, "Loss_v": 22.463577270507812, "_wandb": {"runtime": 47}}