{"Average score": 1.0000099999999998, "Percentage of perfect games": 1.0, "_timestamp": 1702423505.146822, "_runtime": 208.61735105514526, "_step": 1686, "Loss_pi": 4.136096119880676, "Loss_v": 1.000019907951355}