{"Average score": 0.9375099999999996, "Percentage of perfect games": 0.0, "_timestamp": 1702359813.298149, "_runtime": 89.0849621295929, "_step": 4172, "Loss_pi": 4.1492719650268555, "Loss_v": 0.02639411939608474, "_wandb": {"runtime": 88}}