{"Average score": 1.0000099999999998, "Percentage of perfect games": 1.0, "_timestamp": 1702424286.946633, "_runtime": 130.28602004051208, "_step": 2602, "Loss_pi": 4.156097202301026, "Loss_v": 0.006725993361324072}