{"Average score": 0.33716646666666666, "Percentage of perfect games": 0.002, "_timestamp": 1702853207.2413971, "_runtime": 5706.806885242462, "_step": 140601, "num_blanks": 8, "Loss_pi": 5.160094261169434, "Loss_v": 0.029312172904610634, "Val_loss_pi": 4.158847955899818, "Val_loss_v": 0.031067655830879077}