{"Average score": 0.496737318505638, "Percentage of perfect games": 1.0, "_timestamp": 1702348101.4554899, "_runtime": 190.31358885765076, "_step": 8661, "Loss_pi": 3.559260214231291, "Loss_v": 1.7964407218753962, "_wandb": {"runtime": 189}}