{"Average score": 0.9810099999999997, "Percentage of perfect games": 0.962, "_timestamp": 1702589298.987126, "_runtime": 76.21694016456604, "_step": 154, "Loss": 4.151885032653809, "Val Loss": 4.389935493469238}