{"Average score": 1.0000099999999998, "Percentage of perfect games": 1.0, "_timestamp": 1702362241.4878051, "_runtime": 26.325396060943604, "_step": 150, "Loss_pi": 4.151371987660726, "Loss_v": 1.0000200271606445, "_wandb": {"runtime": 25}}