{"Average score": 0.9431666666666666, "Percentage of perfect games": 0.788, "_timestamp": 1702715180.5236237, "_runtime": 20.691027641296387, "_step": 90, "Loss_pi": 2.0950236320495605, "Loss_v": 0.0051766037940979}