{"Average score": 1.0000099999999998, "Percentage of perfect games": 1.0, "_timestamp": 1702363356.2206218, "_runtime": 30.624769926071167, "_step": 120, "Loss_pi": 4.1522270043691, "Loss_v": 1.0000200271606445, "_wandb": {"runtime": 29}}