{"Loss_pi": 2.648296594619751, "Loss_v": 1.2384891510009766, "_timestamp": 1702601781.3599658, "_runtime": 181.065762758255, "_step": 123}