{"Average score": 1.0000099999999996, "Percentage of perfect games": 1.0, "_timestamp": 1702360780.931536, "_runtime": 34.89035987854004, "_step": 1592, "Loss_pi": 4.138086804803812, "Loss_v": 0.02535829668478021}