{"Average score": 1.00001, "Percentage of perfect games": 1.0, "_timestamp": 1702520636.3830318, "_runtime": 134.30887484550476, "_step": 297, "Loss": 4.086279392242432, "Val Loss": 4.3958001136779785}