{"Average score": 0.6466666666666666, "Percentage of perfect games": 0.02, "_timestamp": 1702343814.8941176, "_runtime": 379.99935960769653, "_step": 26009, "Loss_pi": 2.748961191910964, "Loss_v": 0.013229522639169143}