{"Average score": 0.9804787499999998, "Percentage of perfect games": 0.9609375, "_timestamp": 1702513450.161522, "_runtime": 12.52333402633667, "_step": 0, "_wandb": {"runtime": 11}}