{"Loss_pi": 0.00013387766375672072, "Loss_v": 1.5924216389961998e-09, "_timestamp": 1702609502.3312638, "_runtime": 891.2189977169037, "_step": 960}