{"Average score": 0.8563333333333334, "Percentage of perfect games": 0.504, "_timestamp": 1702712277.5907483, "_runtime": 71.43631839752197, "_step": 181, "Loss_pi": 4.165183067321777, "Loss_v": 0.02061552181839943}