{"Average score": 0.8614814814814814, "Number of blanks": 1, "_timestamp": 1702238525.808491, "_runtime": 37.99571895599365, "_step": 381, "Loss_pi": NaN, "Loss_v": 0.08551081368013431, "_wandb": {"runtime": 46}}