{"Loss_pi": 0.04434267804026604, "Loss_v": 1.292371153831482, "_timestamp": 1702604146.700553, "_runtime": 305.6918270587921, "_step": 278}