{"Loss": 2.4120614528656006, "_timestamp": 1702589674.8655849, "_runtime": 6.425256967544556, "_step": 10, "Val Loss": 33.097808837890625, "_wandb": {"runtime": 7}}