{"Loss": 4.143415451049805, "_timestamp": 1702445508.2835786, "_runtime": 48.45263671875, "_step": 21, "Val Loss": 50.030296325683594, "_wandb": {"runtime": 47}}