{"Average score": -0.12876998423710218, "Percentage of perfect games": 0.0, "_timestamp": 1702357767.527717, "_runtime": 1046.3016731739044, "_step": 18556, "Loss_pi": 4.151709912857919, "Loss_v": 0.057727664751264285}