{"Average score": 0.9824318749999998, "Percentage of perfect games": 0.96484375, "_timestamp": 1702510916.817078, "_runtime": 13.645829200744629, "_step": 0, "_wandb": {"runtime": 13}}