{"Loss": 1.4414973258972168, "_timestamp": 1702445965.3251987, "_runtime": 405.9055075645447, "_step": 173, "Val Loss": 2.1171560287475586, "_wandb": {"runtime": 408}}