{"Average score": 0.9328395061728395, "Number of blanks": 5, "_timestamp": 1702198620.2178855, "_runtime": 166.886328458786, "_step": 1909, "Loss_pi": -6.697176895643535, "Loss_v": 0.015567958305932973, "_wandb": {"runtime": 169}}