{"Average score": 1.00001, "Percentage of perfect games": 1.0, "_timestamp": 1702516311.5452933, "_runtime": 82.0787262916565, "_step": 176, "Loss": 4.119112968444824, "Val Loss": 4.311542987823486}