{"Average score": 0.9863381249999998, "Percentage of perfect games": 0.97265625, "_timestamp": 1702514037.2777202, "_runtime": 14.052571296691895, "_step": 0, "_wandb": {"runtime": 12}}