{"Loss": 0.003487375797703862, "_timestamp": 1702506972.8988438, "_runtime": 123.32350873947144, "_step": 296, "Val Loss": 0.3958520293235779, "_wandb": {"runtime": 124}}