{"Average score": 0.8185, "Percentage of perfect games": 0.274, "_timestamp": 1702671452.497781, "_runtime": 102.41994094848633, "_step": 413, "Loss_pi": 0.06423353403806686, "Loss_v": 0.014144913293421268}