{"Average score": 0.9521666666666667, "Percentage of perfect games": 0.82, "_timestamp": 1702709227.3911142, "_runtime": 694.9396641254425, "_step": 4549, "Loss_pi": 0.13390646874904633, "Loss_v": 0.0006961416220292449, "_wandb": {"runtime": 694}}