{"Loss_pi": 4.223564147949219, "Loss_v": 1.0627321004867554, "_timestamp": 1702601545.1382148, "_runtime": 342.2509768009186, "_step": 309}