{"Loss": 0.3253368139266968, "_timestamp": 1702590023.9893477, "_runtime": 32.4261257648468, "_step": 73, "Val Loss": 3.526968479156494}