{"Average score": 0.9972222222222221, "Percentage of perfect games": 0.975, "_timestamp": 1702267829.6694982, "_runtime": 180.40457916259766, "_step": 902, "Loss_pi": 6.3370334307352705, "Loss_v": 8.688170115152994, "_wandb": {"runtime": 193}}