{"Average score": 0.96001, "Percentage of perfect games": 0.92, "_timestamp": 1702507597.7567027, "_runtime": 67.37592077255249, "_step": 6}