{"Loss": 2.2182514667510986, "_timestamp": 1702447359.9797566, "_runtime": 264.9580545425415, "_step": 123, "Val Loss": 2.9258317947387695, "_wandb": {"runtime": 266}}