{"Average score": 0.9135, "Percentage of perfect games": 0.684, "_timestamp": 1702713249.7386036, "_runtime": 26.886420488357544, "_step": 90, "Loss_pi": 4.1762847900390625, "Loss_v": 0.017503108829259872}