{"Average score": 1.0000099999999998, "Percentage of perfect games": 1.0, "_timestamp": 1702444425.2839882, "_runtime": 326.5349111557007, "_step": 2808, "Loss_pi": 4.154169266040508, "Loss_v": 1.0000200271606445}