{"Average score": 0.99, "Percentage of perfect games": 0.96, "_timestamp": 1702338373.1349056, "_runtime": 316.84605956077576, "_step": 39029, "Loss_pi": 4.0996515934283915, "Loss_v": 0.0026141324376042644}