{"Average score": 0.7755, "Percentage of perfect games": 0.264, "_timestamp": 1702675040.578007, "_runtime": 162.81405401229858, "_step": 1000, "Loss_pi": 0.3459866940975189, "Loss_v": 0.02479667216539383}