{"Average score": 0.9980099999999997, "Percentage of perfect games": 0.996, "_timestamp": 1702448373.907625, "_runtime": 19.446403980255127, "_step": 0, "_wandb": {"runtime": 19}}