{"Average score": 0.9250098799999998, "Percentage of perfect games": 0.823, "_timestamp": 1702426652.2685213, "_runtime": 89.28251123428345, "_step": 0, "_wandb": {"runtime": 88}}