{"Loss_pi": 17.54579734802246, "Loss_v": 3.325117958752344e-13, "_timestamp": 1702664974.1143148, "_runtime": 21.60527276992798, "_step": 2, "_wandb": {"runtime": 36}}