{"Average score": 1.0000099999999998, "Percentage of perfect games": 1.0, "_timestamp": 1702418639.0164323, "_runtime": 26.80466318130493, "_step": 0, "_wandb": {"runtime": 26}}