{"Average score": 0.9960099999999997, "Percentage of perfect games": 0.992, "_timestamp": 1702448142.6212766, "_runtime": 17.64286756515503, "_step": 0, "_wandb": {"runtime": 17}}