{"Average score": 0.9900100000000001, "Percentage of perfect games": 0.98, "_timestamp": 1702509883.8023775, "_runtime": 28.943427562713623, "_step": 2}