{"Average score": -0.17965808666666666, "Percentage of perfect games": 0.004, "_timestamp": 1702463404.3611891, "_runtime": 11900.97327709198, "_step": 111398, "Loss_pi": 3.194597142083304, "Loss_v": 0.11518659442663193}