{"Loss": 2.4009389877319336, "_timestamp": 1702447629.510433, "_runtime": 249.5929310321808, "_step": 117, "Val Loss": 2.3323819637298584, "_wandb": {"runtime": 249}}