{"Loss": 0.18270006775856018, "_timestamp": 1702447031.8560846, "_runtime": 720.3684265613556, "_step": 337, "Val Loss": 0.10761632025241852, "_wandb": {"runtime": 720}}