{"Loss": 3.7350478172302246, "_timestamp": 1702428538.0105858, "_runtime": 422.95455384254456, "_step": 206, "_wandb": {"runtime": 422}}