{"Average score": 0.8165, "Percentage of perfect games": 0.424, "_timestamp": 1702715518.4924905, "_runtime": 291.58774161338806, "_step": 1087, "Loss_pi": 4.198342800140381, "Loss_v": 0.03069300577044487}