{"Loss_pi": NaN, "Loss_v": NaN, "_timestamp": 1702602696.272966, "_runtime": 125.43369579315186, "_step": 61}