{"Average score": 0.98001, "Percentage of perfect games": 0.96, "_timestamp": 1702510629.946489, "_runtime": 75.38828110694885, "_step": 7}