{"Loss_pi": 4.073971748352051, "Loss_v": 0.9414647221565247, "_timestamp": 1702603220.6920948, "_runtime": 123.19015169143677, "_step": 61}