{"Average score": 0.8703333333333333, "Percentage of perfect games": 0.564, "_timestamp": 1702745069.5907328, "_runtime": 44.70009088516235, "_step": 2386, "num_blanks": 2.0, "Loss_pi": 4.780773639678955, "Loss_v": 0.022059861570596695, "_wandb": {"runtime": 43}}