{"Average score": 0.9810099999999997, "Percentage of perfect games": 0.962, "_timestamp": 1702521338.7873595, "_runtime": 20.70284652709961, "_step": 0, "_wandb": {"runtime": 20}}