{"Average score": 1.0, "Percentage of perfect games": 1.0, "_timestamp": 1702266109.7960093, "_runtime": 39.03831219673157, "_step": 100, "Loss_pi": 6.460920333862305, "Loss_v": 22.608844757080078}