{"Loss": 0.048614539206027985, "_timestamp": 1702431667.108085, "_runtime": 1088.0713398456573, "_step": 975, "Val Loss": 0.03198281675577164, "_wandb": {"runtime": 1087}}