{"Average score": 0.9882912499999998, "Percentage of perfect games": 0.9765625, "_timestamp": 1702513289.6604881, "_runtime": 13.008745193481445, "_step": 0, "_wandb": {"runtime": 12}}