{"Average score": 1.0000099999999998, "Percentage of perfect games": 1.0, "_timestamp": 1702419077.273974, "_runtime": 25.62709093093872, "_step": 0, "_wandb": {"runtime": 24}}