{"Loss_pi": 0.5304893255233765, "Loss_v": 1.113640519179171e-05, "_timestamp": 1702664338.9646232, "_runtime": 353.1676642894745, "_step": 44}