{"Average score": 1.0000099999999998, "Percentage of perfect games": 1.0, "_timestamp": 1702444014.8062484, "_runtime": 97.86534142494202, "_step": 784, "Loss_pi": 4.146034240722656, "Loss_v": 3.830397236015415e-05}