{"Average score": 0.85, "Percentage of perfect games": 0.48, "_timestamp": 1702707115.126318, "_runtime": 42.411022901535034, "_step": 181, "Loss_pi": 4.148882865905762, "Loss_v": 0.026273949071764946}