{"Average score": 0.9830099999999997, "Percentage of perfect games": 0.966, "_timestamp": 1702588003.9036624, "_runtime": 41.88191843032837, "_step": 10996, "Loss": 4.097944259643555, "Loss_val": 2.6355483531951904, "Val Loss": 4.356303691864014}