{"Average score": 0.9375099999999996, "Percentage of perfect games": 0.875, "_timestamp": 1702360256.719849, "_runtime": 318.17750310897827, "_step": 15398, "Loss_pi": 4.141033352545972, "Loss_v": 0.02762127843386722}