{"Average score": 0.6885, "Percentage of perfect games": 0.212, "_timestamp": 1702715102.207078, "_runtime": 194.14079093933105, "_step": 542, "Loss_pi": 4.170299530029297, "Loss_v": 0.04386688768863678}