{"Loss_pi": 0.0015502804890275002, "Loss_v": 0.6161741018295288, "_timestamp": 1702600764.338821, "_runtime": 674.0838420391083, "_step": 712}