{"Average score": 0.8305, "Percentage of perfect games": 0.362, "_timestamp": 1702854257.3249743, "_runtime": 363.3155643939972, "_step": 12847, "num_blanks": 2, "Loss_pi": 4.907037734985352, "Loss_v": 0.7136502265930176, "Val_loss_pi": 3.88588258072182, "Val_loss_v": 0.7088088967182018}