{"Average score": 1.0, "Percentage of perfect games": 1.0, "_timestamp": 1702343417.3408759, "_runtime": 97.46757984161377, "_step": 5513, "Loss_pi": 4.1569836235046385, "Loss_v": 0.0010442544985562563, "_wandb": {"runtime": 96}}