{"Average score": 0.9266666666666669, "Percentage of perfect games": 0.34, "_timestamp": 1702270490.6974533, "_runtime": 67.87647223472595, "_step": 4675, "Loss_pi": 5.396582979904978, "Loss_v": 0.002762771211564541, "_wandb": {"runtime": 67}}