{"Average score": 1.0000099999999998, "Percentage of perfect games": 1.0, "_timestamp": 1702422736.985911, "_runtime": 26.565871953964233, "_step": 0, "_wandb": {"runtime": 26}}