{"Loss": 4.176445484161377, "_timestamp": 1702445324.3978052, "_runtime": 6.447169303894043, "_step": 1, "Val Loss": 2177.01806640625, "_wandb": {"runtime": 8}}