{"Average score": 0.8225, "Percentage of perfect games": 0.29, "_timestamp": 1702666919.8158364, "_runtime": 165.8106174468994, "_step": 689, "Loss_pi": 0.03757939487695694, "Loss_v": 0.013798858970403671, "_wandb": {"runtime": 165}}