{"Loss_pi": NaN, "Loss_v": NaN, "_timestamp": 1702602489.8198462, "_runtime": 150.82788825035095, "_step": 92}