{"Average completion": 0.8658346333853354, "Number of blanks": 13, "_timestamp": 1702168316.2535517, "_runtime": 556.7065467834473, "_step": 34522, "Loss_pi": 6.536255105660886, "Loss_v": 0.24793747512585654, "_wandb": {"runtime": 560}}