{"Loss": 1.2197701930999756, "_timestamp": 1702506463.179553, "_runtime": 412.164381980896, "_step": 191, "Val Loss": 1.0413447618484497, "_wandb": {"runtime": 412}}