{"Average score": 1.0, "Percentage of perfect games": 1.0, "_timestamp": 1702666154.5235686, "_runtime": 45.654242515563965, "_step": 6, "Loss_pi": 5.389464855194092, "Loss_v": 0.005154759157449007}