{"Average score": 0.4033027141501426, "Percentage of perfect games": 0.0, "_timestamp": 1702346880.0974777, "_runtime": 703.360595703125, "_step": 53003, "Loss_pi": 3.0446574939871733, "Loss_v": 7.314453549654979}