{"Loss": 1.143812656402588, "_timestamp": 1702521128.4451401, "_runtime": 11.019967079162598, "_step": 21, "Val Loss": 15.407970428466797}