{"Average score": 0.9824318749999998, "Percentage of perfect games": 0.96484375, "_timestamp": 1702513950.8094075, "_runtime": 13.333593368530273, "_step": 0, "_wandb": {"runtime": 12}}