{"Average score": 1.0000099999999998, "Percentage of perfect games": 1.0, "_timestamp": 1702418474.2484682, "_runtime": 26.266427278518677, "_step": 0, "_wandb": {"runtime": 25}}