{"Average score": 0.9860099999999997, "Percentage of perfect games": 0.972, "_timestamp": 1702589702.7393382, "_runtime": 17.423464059829712, "_step": 0, "_wandb": {"runtime": 17}}