{"Average score": 0.999, "Percentage of perfect games": 0.996, "_timestamp": 1702666098.6724424, "_runtime": 46.47135043144226, "_step": 6, "Loss_pi": 8.580842971801758, "Loss_v": 0.02227526158094406}