{"Average score": 0.8506666666666668, "Percentage of perfect games": 0.466, "_timestamp": 1702708371.4760091, "_runtime": 135.76211023330688, "_step": 727, "Loss_pi": 0.5237061381340027, "Loss_v": 0.0017392057925462723}