{"Average score": 0.9968333333333335, "Percentage of perfect games": 0.99, "_timestamp": 1702750702.1805787, "_runtime": 1808.56290268898, "_step": 99424, "num_blanks": 5, "Loss_pi": 0.030688563361763954, "Loss_v": 4.285460875053104e-14}